{
    "Sequential": 0.005455732345581055,
    "ThreadPool": 0.9714679718017578,
    "ProcessPool": 0.09646105766296387,
    "ProcessQueue": 0.08495020866394043
}